Sample,Locus,Start,End,Length,Strand,Intergenic Spacer,Start Codon,Stop Codon,Anticodon
F1,trnI,1,64,64,+,1,,,GAU
F1,trnQ,66,130,65,-,0,,,UUG
F1,trnM,131,196,66,+,0,,,CAU
F1,nad2,197,1180,984,+,1,ATT,TAA,
F1,trnW,1182,1247,66,+,0,,,UCA
F1,trnC,1248,1311,64,-,0,,,GCA
F1,trnY,1312,1376,65,-,1,,,GUA
F1,cox1,1378,2913,1536,+,0,GTG,TAA,
F1,trnL2,2914,2979,66,+,0,,,UAA
F1,cox2,2980,3663,684,+,1,ATA,TAA,
F1,trnK,3665,3731,67,+,0,,,UUU
F1,trnD,3732,3797,66,+,0,,,GUC
F1,atp8,3798,3956,159,+,1,ATA,TAA,
F1,atp6,3958,4638,681,+,0,ATC,TAA,
F1,cox3,4639,5418,780,+,0,ATA,TAA,
F1,trnG,5419,5484,66,+,1,,,UCC
F1,nad3,5486,5839,354,+,0,ATA,TAA,
F1,trnA,5840,5904,65,+,0,,,UGC
F1,trnR,5905,5969,65,+,1,,,UCG
F1,trnN,5971,6035,65,+,0,,,GUU
F1,trnS1,6036,6100,65,+,0,,,GCU
F1,trnE,6101,6165,65,+,1,,,UUC
F1,trnF,6167,6231,65,-,0,,,GAA
F1,nad5,6232,7947,1716,-,0,ATT,TAA,
F1,trnH,7948,8012,65,-,1,,,GUG
F1,nad4,8014,9351,1338,-,0,ATT,TAA,
F1,nad4l,9352,9645,294,-,0,ATT,TAA,
F1,trnT,9646,9710,65,+,1,,,UGU
F1,trnP,9712,9776,65,-,0,,,UGG
F1,nad6,9777,10286,510,+,0,ATT,TAA,
F1,cob,10287,11423,1137,+,1,ATA,TAA,
F1,trnS2,11425,11489,65,+,0,,,UGA
F1,nad1,11490,12419,930,-,0,TTG,TAA,
F1,trnL1,12420,12485,66,-,1,,,UAG
F1,rrnL,12487,13806,1320,-,0,,,
F1,trnV,13807,13872,66,-,0,,,UAC
F1,rrnS,13873,14652,780,-,956,,,
F2,trnI,1,64,64,+,1,,,GAU
F2,trnQ,66,130,65,-,0,,,UUG
F2,trnM,131,196,66,+,0,,,CAU
F2,nad2,197,1180,984,+,1,ATT,TAA,
F2,trnW,1182,1247,66,+,0,,,UCA
F2,trnC,1248,1311,64,-,0,,,GCA
F2,trnY,1312,1376,65,-,1,,,GUA
F2,cox1,1378,2913,1536,+,0,GTG,TAA,
F2,trnL2,2914,2979,66,+,0,,,UAA
F2,cox2,2980,3663,684,+,1,ATA,TAA,
F2,trnK,3665,3731,67,+,0,,,UUU
F2,trnD,3732,3797,66,+,0,,,GUC
F2,atp8,3798,3956,159,+,1,ATA,TAA,
F2,atp6,3958,4638,681,+,0,ATC,TAA,
F2,cox3,4639,5418,780,+,0,ATT,TAA,
F2,trnG,5419,5484,66,+,1,,,UCC
F2,nad3,5486,5839,354,+,0,ATA,TAA,
F2,trnA,5840,5904,65,+,0,,,UGC
F2,trnR,5905,5969,65,+,1,,,UCG
F2,trnN,5971,6035,65,+,0,,,GUU
F2,trnS1,6036,6100,65,+,0,,,GCU
F2,trnE,6101,6165,65,+,1,,,UUC
F2,trnF,6167,6231,65,-,0,,,GAA
F2,nad5,6232,7947,1716,-,0,ATT,TAA,
F2,trnH,7948,8012,65,-,1,,,GUG
F2,nad4,8014,9351,1338,-,0,ATT,TAA,
F2,nad4l,9352,9645,294,-,0,ATT,TAA,
F2,trnT,9646,9710,65,+,1,,,UGU
F2,trnP,9712,9776,65,-,0,,,UGG
F2,nad6,9777,10286,510,+,0,ATT,TAA,
F2,cob,10287,11423,1137,+,1,ATT,TAA,
F2,trnS2,11425,11489,65,+,0,,,UGA
F2,nad1,11490,12419,930,-,0,ATT,TAA,
F2,trnL1,12420,12485,66,-,1,,,UAG
F2,rrnL,12487,13806,1320,-,0,,,
F2,trnV,13807,13872,66,-,0,,,UAC
F2,rrnS,13873,14652,780,-,981,,,
F4,trnI,1,64,64,+,1,,,GAU
F4,trnQ,66,130,65,-,0,,,UUG
F4,trnM,131,196,66,+,0,,,CAU
F4,nad2,197,1180,984,+,1,ATT,TAA,
F4,trnW,1182,1247,66,+,0,,,UCA
F4,trnC,1248,1311,64,-,0,,,GCA
F4,trnY,1312,1376,65,-,1,,,GUA
F4,cox1,1378,2913,1536,+,0,GTG,TAA,
F4,trnL2,2914,2979,66,+,0,,,UAA
F4,cox2,2980,3663,684,+,1,ATA,TAA,
F4,trnK,3665,3731,67,+,0,,,UUU
F4,trnD,3732,3797,66,+,0,,,GUC
F4,atp8,3798,3956,159,+,1,ATA,TAA,
F4,atp6,3958,4638,681,+,0,ATC,TAA,
F4,cox3,4639,5418,780,+,0,ATA,TAA,
F4,trnG,5419,5484,66,+,1,,,UCC
F4,nad3,5486,5839,354,+,0,ATA,TAA,
F4,trnA,5840,5904,65,+,0,,,UGC
F4,trnR,5905,5969,65,+,1,,,UCG
F4,trnN,5971,6035,65,+,0,,,GUU
F4,trnS1,6036,6100,65,+,0,,,GCU
F4,trnE,6101,6165,65,+,1,,,UUC
F4,trnF,6167,6231,65,-,0,,,GAA
F4,nad5,6232,7947,1716,-,0,ATA,TAA,
F4,trnH,7948,8012,65,-,1,,,GUG
F4,nad4,8014,9351,1338,-,0,TTG,TAA,
F4,nad4l,9352,9645,294,-,0,ATA,TAA,
F4,trnT,9646,9710,65,+,1,,,UGU
F4,trnP,9712,9776,65,-,0,,,UGG
F4,nad6,9777,10286,510,+,0,ATA,TAA,
F4,cob,10287,11423,1137,+,1,ATA,TAA,
F4,trnS2,11425,11489,65,+,0,,,UGA
F4,nad1,11490,12419,930,-,0,TTG,TAA,
F4,trnL1,12420,12485,66,-,1,,,UAG
F4,rrnL,12487,13806,1320,-,0,,,
F4,trnV,13807,13872,66,-,0,,,UAC
F4,rrnS,13873,14652,780,-,920,,,
F5,trnI,1,64,64,+,1,,,GAU
F5,trnQ,66,130,65,-,0,,,UUG
F5,trnM,131,196,66,+,0,,,CAU
F5,nad2,197,1180,984,+,1,ATT,TAA,
F5,trnW,1182,1247,66,+,0,,,UCA
F5,trnC,1248,1311,64,-,0,,,GCA
F5,trnY,1312,1376,65,-,1,,,GUA
F5,cox1,1378,2913,1536,+,0,GTG,TAA,
F5,trnL2,2914,2979,66,+,0,,,UAA
F5,cox2,2980,3663,684,+,1,ATA,TAA,
F5,trnK,3665,3731,67,+,0,,,UUU
F5,trnD,3732,3797,66,+,0,,,GUC
F5,atp8,3798,3956,159,+,1,ATA,TAA,
F5,atp6,3958,4638,681,+,0,ATC,TAA,
F5,cox3,4639,5418,780,+,0,ATA,TAA,
F5,trnG,5419,5484,66,+,1,,,UCC
F5,nad3,5486,5839,354,+,0,ATT,TAA,
F5,trnA,5840,5904,65,+,0,,,UGC
F5,trnR,5905,5969,65,+,1,,,UCG
F5,trnN,5971,6035,65,+,0,,,GUU
F5,trnS1,6036,6100,65,+,0,,,GCU
F5,trnE,6101,6165,65,+,1,,,UUC
F5,trnF,6167,6231,65,-,0,,,GAA
F5,nad5,6232,7947,1716,-,0,ATA,TAA,
F5,trnH,7948,8012,65,-,1,,,GUG
F5,nad4,8014,9351,1338,-,0,ATT,TAA,
F5,nad4l,9352,9645,294,-,0,ATA,TAA,
F5,trnT,9646,9710,65,+,1,,,UGU
F5,trnP,9712,9776,65,-,0,,,UGG
F5,nad6,9777,10286,510,+,0,ATA,TAA,
F5,cob,10287,11423,1137,+,1,ATA,TAA,
F5,trnS2,11425,11489,65,+,0,,,UGA
F5,nad1,11490,12419,930,-,0,ATT,TAA,
F5,trnL1,12420,12485,66,-,1,,,UAG
F5,rrnL,12487,13806,1320,-,0,,,
F5,trnV,13807,13872,66,-,0,,,UAC
F5,rrnS,13873,14652,780,-,909,,,
F6,trnI,1,64,64,+,1,,,GAU
F6,trnQ,66,130,65,-,0,,,UUG
F6,trnM,131,196,66,+,0,,,CAU
F6,nad2,197,1180,984,+,1,ATT,TAA,
F6,trnW,1182,1247,66,+,0,,,UCA
F6,trnC,1248,1311,64,-,0,,,GCA
F6,trnY,1312,1376,65,-,1,,,GUA
F6,cox1,1378,2913,1536,+,0,ATA,TAA,
F6,trnL2,2914,2979,66,+,0,,,UAA
F6,cox2,2980,3663,684,+,1,ATT,TAA,
F6,trnK,3665,3731,67,+,0,,,UUU
F6,trnD,3732,3797,66,+,0,,,GUC
F6,atp8,3798,3956,159,+,1,ATT,TAA,
F6,atp6,3958,4638,681,+,0,ATT,TAA,
F6,cox3,4639,5418,780,+,0,ATA,TAA,
F6,trnG,5419,5484,66,+,1,,,UCC
F6,nad3,5486,5839,354,+,0,ATA,TAA,
F6,trnA,5840,5904,65,+,0,,,UGC
F6,trnR,5905,5969,65,+,1,,,UCG
F6,trnN,5971,6035,65,+,0,,,GUU
F6,trnS1,6036,6100,65,+,0,,,GCU
F6,trnE,6101,6165,65,+,1,,,UUC
F6,trnF,6167,6231,65,-,0,,,GAA
F6,nad5,6232,7947,1716,-,0,ATA,TAA,
F6,trnH,7948,8012,65,-,1,,,GUG
F6,nad4,8014,9351,1338,-,0,ATA,TAA,
F6,nad4l,9352,9645,294,-,0,ATA,TAA,
F6,trnT,9646,9710,65,+,1,,,UGU
F6,trnP,9712,9776,65,-,0,,,UGG
F6,nad6,9777,10286,510,+,0,GTG,TAA,
F6,cob,10287,11423,1137,+,1,ATT,TAA,
F6,trnS2,11425,11489,65,+,0,,,UGA
F6,nad1,11490,12419,930,-,0,TTG,TAA,
F6,trnL1,12420,12485,66,-,1,,,UAG
F6,rrnL,12487,13806,1320,-,0,,,
F6,trnV,13807,13872,66,-,0,,,UAC
F6,rrnS,13873,14652,780,-,956,,,
