Sample,AA,AA_name,Codon,N,RSCU
F1,A,Ala,GCT,20,2.1622
F1,A,Ala,GCC,1,0.1081
F1,A,Ala,GCA,15,1.6216
F1,A,Ala,GCG,1,0.1081
F1,C,Cys,TGT,30,1.5
F1,C,Cys,TGC,10,0.5
F1,D,Asp,GAT,69,1.7037
F1,D,Asp,GAC,12,0.2963
F1,E,Glu,GAA,85,1.7526
F1,E,Glu,GAG,12,0.2474
F1,F,Phe,TTT,255,1.723
F1,F,Phe,TTC,41,0.277
F1,G,Gly,GGT,18,1.2632
F1,G,Gly,GGC,1,0.0702
F1,G,Gly,GGA,32,2.2456
F1,G,Gly,GGG,6,0.4211
F1,H,His,CAT,45,1.8367
F1,H,His,CAC,4,0.1633
F1,I,Ile,ATT,381,1.8585
F1,I,Ile,ATC,29,0.1415
F1,K,Lys,AAA,278,1.7707
F1,K,Lys,AAG,36,0.2293
F1,L,Leu,TTA,312,4.2162
F1,L,Leu,TTG,48,0.6486
F1,L,Leu,CTT,35,0.473
F1,L,Leu,CTC,6,0.0811
F1,L,Leu,CTA,33,0.4459
F1,L,Leu,CTG,10,0.1351
F1,M,Met,ATA,328,1.7309
F1,M,Met,ATG,51,0.2691
F1,N,Asn,AAT,340,1.8837
F1,N,Asn,AAC,21,0.1163
F1,P,Pro,CCT,18,1.4694
F1,P,Pro,CCC,3,0.2449
F1,P,Pro,CCA,24,1.9592
F1,P,Pro,CCG,4,0.3265
F1,Q,Gln,CAA,39,1.56
F1,Q,Gln,CAG,11,0.44
F1,R,Arg,CGT,8,1.2308
F1,R,Arg,CGC,0,0.0
F1,R,Arg,CGA,16,2.4615
F1,R,Arg,CGG,2,0.3077
F1,S,Ser,TCT,35,1.3397
F1,S,Ser,TCC,18,0.689
F1,S,Ser,TCA,71,2.7177
F1,S,Ser,TCG,3,0.1148
F1,S,Ser,AGT,26,0.9952
F1,S,Ser,AGC,8,0.3062
F1,S,Ser,AGA,38,1.4545
F1,S,Ser,AGG,10,0.3828
F1,T,Thr,ACT,34,1.679
F1,T,Thr,ACC,7,0.3457
F1,T,Thr,ACA,34,1.679
F1,T,Thr,ACG,6,0.2963
F1,V,Val,GTT,41,1.5472
F1,V,Val,GTC,8,0.3019
F1,V,Val,GTA,49,1.8491
F1,V,Val,GTG,8,0.3019
F1,W,Trp,TGA,63,1.726
F1,W,Trp,TGG,10,0.274
F1,Y,Tyr,TAT,245,1.8352
F1,Y,Tyr,TAC,22,0.1648
F2,A,Ala,GCT,8,1.6842
F2,A,Ala,GCC,2,0.4211
F2,A,Ala,GCA,7,1.4737
F2,A,Ala,GCG,2,0.4211
F2,C,Cys,TGT,32,1.561
F2,C,Cys,TGC,9,0.439
F2,D,Asp,GAT,54,1.5882
F2,D,Asp,GAC,14,0.4118
F2,E,Glu,GAA,59,1.7101
F2,E,Glu,GAG,10,0.2899
F2,F,Phe,TTT,259,1.6873
F2,F,Phe,TTC,48,0.3127
F2,G,Gly,GGT,11,1.0233
F2,G,Gly,GGC,1,0.093
F2,G,Gly,GGA,26,2.4186
F2,G,Gly,GGG,5,0.4651
F2,H,His,CAT,53,1.6825
F2,H,His,CAC,10,0.3175
F2,I,Ile,ATT,276,1.725
F2,I,Ile,ATC,44,0.275
F2,K,Lys,AAA,251,1.6789
F2,K,Lys,AAG,48,0.3211
F2,L,Leu,TTA,337,3.9415
F2,L,Leu,TTG,67,0.7836
F2,L,Leu,CTT,31,0.3626
F2,L,Leu,CTC,15,0.1754
F2,L,Leu,CTA,52,0.6082
F2,L,Leu,CTG,11,0.1287
F2,M,Met,ATA,305,1.6223
F2,M,Met,ATG,71,0.3777
F2,N,Asn,AAT,319,1.8281
F2,N,Asn,AAC,30,0.1719
F2,P,Pro,CCT,9,1.6364
F2,P,Pro,CCC,2,0.3636
F2,P,Pro,CCA,10,1.8182
F2,P,Pro,CCG,1,0.1818
F2,Q,Gln,CAA,52,1.4444
F2,Q,Gln,CAG,20,0.5556
F2,R,Arg,CGT,5,1.1111
F2,R,Arg,CGC,0,0.0
F2,R,Arg,CGA,11,2.4444
F2,R,Arg,CGG,2,0.4444
F2,S,Ser,TCT,22,0.8341
F2,S,Ser,TCC,13,0.4929
F2,S,Ser,TCA,66,2.5024
F2,S,Ser,TCG,6,0.2275
F2,S,Ser,AGT,29,1.0995
F2,S,Ser,AGC,12,0.455
F2,S,Ser,AGA,46,1.7441
F2,S,Ser,AGG,17,0.6445
F2,T,Thr,ACT,26,1.5522
F2,T,Thr,ACC,10,0.597
F2,T,Thr,ACA,23,1.3731
F2,T,Thr,ACG,8,0.4776
F2,V,Val,GTT,33,1.375
F2,V,Val,GTC,7,0.2917
F2,V,Val,GTA,49,2.0417
F2,V,Val,GTG,7,0.2917
F2,W,Trp,TGA,63,1.5556
F2,W,Trp,TGG,18,0.4444
F2,Y,Tyr,TAT,284,1.8323
F2,Y,Tyr,TAC,26,0.1677
F4,A,Ala,GCT,19,2.0541
F4,A,Ala,GCC,1,0.1081
F4,A,Ala,GCA,15,1.6216
F4,A,Ala,GCG,2,0.2162
F4,C,Cys,TGT,29,1.4872
F4,C,Cys,TGC,10,0.5128
F4,D,Asp,GAT,74,1.7209
F4,D,Asp,GAC,12,0.2791
F4,E,Glu,GAA,84,1.7872
F4,E,Glu,GAG,10,0.2128
F4,F,Phe,TTT,264,1.7426
F4,F,Phe,TTC,39,0.2574
F4,G,Gly,GGT,18,1.3585
F4,G,Gly,GGC,1,0.0755
F4,G,Gly,GGA,28,2.1132
F4,G,Gly,GGG,6,0.4528
F4,H,His,CAT,47,1.9184
F4,H,His,CAC,2,0.0816
F4,I,Ile,ATT,367,1.8535
F4,I,Ile,ATC,29,0.1465
F4,K,Lys,AAA,277,1.7756
F4,K,Lys,AAG,35,0.2244
F4,L,Leu,TTA,291,4.0699
F4,L,Leu,TTG,51,0.7133
F4,L,Leu,CTT,39,0.5455
F4,L,Leu,CTC,5,0.0699
F4,L,Leu,CTA,32,0.4476
F4,L,Leu,CTG,11,0.1538
F4,M,Met,ATA,323,1.6911
F4,M,Met,ATG,59,0.3089
F4,N,Asn,AAT,345,1.8801
F4,N,Asn,AAC,22,0.1199
F4,P,Pro,CCT,20,1.7021
F4,P,Pro,CCC,2,0.1702
F4,P,Pro,CCA,21,1.7872
F4,P,Pro,CCG,4,0.3404
F4,Q,Gln,CAA,45,1.6364
F4,Q,Gln,CAG,10,0.3636
F4,R,Arg,CGT,9,1.2857
F4,R,Arg,CGC,0,0.0
F4,R,Arg,CGA,17,2.4286
F4,R,Arg,CGG,2,0.2857
F4,S,Ser,TCT,33,1.2941
F4,S,Ser,TCC,20,0.7843
F4,S,Ser,TCA,66,2.5882
F4,S,Ser,TCG,3,0.1176
F4,S,Ser,AGT,26,1.0196
F4,S,Ser,AGC,8,0.3137
F4,S,Ser,AGA,37,1.451
F4,S,Ser,AGG,11,0.4314
F4,T,Thr,ACT,33,1.6709
F4,T,Thr,ACC,7,0.3544
F4,T,Thr,ACA,32,1.6203
F4,T,Thr,ACG,7,0.3544
F4,V,Val,GTT,46,1.7864
F4,V,Val,GTC,6,0.233
F4,V,Val,GTA,44,1.7087
F4,V,Val,GTG,7,0.2718
F4,W,Trp,TGA,60,1.7143
F4,W,Trp,TGG,10,0.2857
F4,Y,Tyr,TAT,247,1.8095
F4,Y,Tyr,TAC,26,0.1905
F5,A,Ala,GCT,10,2.0
F5,A,Ala,GCC,1,0.2
F5,A,Ala,GCA,7,1.4
F5,A,Ala,GCG,2,0.4
F5,C,Cys,TGT,33,1.5714
F5,C,Cys,TGC,9,0.4286
F5,D,Asp,GAT,54,1.5882
F5,D,Asp,GAC,14,0.4118
F5,E,Glu,GAA,62,1.7222
F5,E,Glu,GAG,10,0.2778
F5,F,Phe,TTT,251,1.6789
F5,F,Phe,TTC,48,0.3211
F5,G,Gly,GGT,11,0.9778
F5,G,Gly,GGC,1,0.0889
F5,G,Gly,GGA,29,2.5778
F5,G,Gly,GGG,4,0.3556
F5,H,His,CAT,53,1.6825
F5,H,His,CAC,10,0.3175
F5,I,Ile,ATT,291,1.727
F5,I,Ile,ATC,46,0.273
F5,K,Lys,AAA,251,1.6959
F5,K,Lys,AAG,45,0.3041
F5,L,Leu,TTA,352,4.0851
F5,L,Leu,TTG,64,0.7427
F5,L,Leu,CTT,28,0.325
F5,L,Leu,CTC,14,0.1625
F5,L,Leu,CTA,49,0.5687
F5,L,Leu,CTG,10,0.1161
F5,M,Met,ATA,309,1.6393
F5,M,Met,ATG,68,0.3607
F5,N,Asn,AAT,319,1.8386
F5,N,Asn,AAC,28,0.1614
F5,P,Pro,CCT,8,1.28
F5,P,Pro,CCC,3,0.48
F5,P,Pro,CCA,13,2.08
F5,P,Pro,CCG,1,0.16
F5,Q,Gln,CAA,51,1.4366
F5,Q,Gln,CAG,20,0.5634
F5,R,Arg,CGT,4,0.9412
F5,R,Arg,CGC,0,0.0
F5,R,Arg,CGA,11,2.5882
F5,R,Arg,CGG,2,0.4706
F5,S,Ser,TCT,25,0.9174
F5,S,Ser,TCC,12,0.4404
F5,S,Ser,TCA,70,2.5688
F5,S,Ser,TCG,6,0.2202
F5,S,Ser,AGT,32,1.1743
F5,S,Ser,AGC,10,0.367
F5,S,Ser,AGA,46,1.6881
F5,S,Ser,AGG,17,0.6239
F5,T,Thr,ACT,30,1.6438
F5,T,Thr,ACC,10,0.5479
F5,T,Thr,ACA,24,1.3151
F5,T,Thr,ACG,9,0.4932
F5,V,Val,GTT,32,1.3474
F5,V,Val,GTC,7,0.2947
F5,V,Val,GTA,50,2.1053
F5,V,Val,GTG,6,0.2526
F5,W,Trp,TGA,66,1.5714
F5,W,Trp,TGG,18,0.4286
F5,Y,Tyr,TAT,275,1.8456
F5,Y,Tyr,TAC,23,0.1544
F6,A,Ala,GCT,14,1.5556
F6,A,Ala,GCC,3,0.3333
F6,A,Ala,GCA,15,1.6667
F6,A,Ala,GCG,4,0.4444
F6,C,Cys,TGT,39,1.5918
F6,C,Cys,TGC,10,0.4082
F6,D,Asp,GAT,66,1.8082
F6,D,Asp,GAC,7,0.1918
F6,E,Glu,GAA,67,1.7632
F6,E,Glu,GAG,9,0.2368
F6,F,Phe,TTT,273,1.7278
F6,F,Phe,TTC,43,0.2722
F6,G,Gly,GGT,22,1.5714
F6,G,Gly,GGC,1,0.0714
F6,G,Gly,GGA,28,2.0
F6,G,Gly,GGG,5,0.3571
F6,H,His,CAT,41,1.7826
F6,H,His,CAC,5,0.2174
F6,I,Ile,ATT,396,1.7919
F6,I,Ile,ATC,46,0.2081
F6,K,Lys,AAA,308,1.755
F6,K,Lys,AAG,43,0.245
F6,L,Leu,TTA,271,3.9562
F6,L,Leu,TTG,42,0.6131
F6,L,Leu,CTT,40,0.5839
F6,L,Leu,CTC,12,0.1752
F6,L,Leu,CTA,39,0.5693
F6,L,Leu,CTG,7,0.1022
F6,M,Met,ATA,299,1.7537
F6,M,Met,ATG,42,0.2463
F6,N,Asn,AAT,360,1.8509
F6,N,Asn,AAC,29,0.1491
F6,P,Pro,CCT,22,2.0465
F6,P,Pro,CCC,1,0.093
F6,P,Pro,CCA,19,1.7674
F6,P,Pro,CCG,1,0.093
F6,Q,Gln,CAA,33,1.6098
F6,Q,Gln,CAG,8,0.3902
F6,R,Arg,CGT,4,0.8889
F6,R,Arg,CGC,0,0.0
F6,R,Arg,CGA,14,3.1111
F6,R,Arg,CGG,0,0.0
F6,S,Ser,TCT,25,0.9217
F6,S,Ser,TCC,16,0.5899
F6,S,Ser,TCA,60,2.212
F6,S,Ser,TCG,11,0.4055
F6,S,Ser,AGT,30,1.106
F6,S,Ser,AGC,8,0.2949
F6,S,Ser,AGA,46,1.6959
F6,S,Ser,AGG,21,0.7742
F6,T,Thr,ACT,33,1.65
F6,T,Thr,ACC,8,0.4
F6,T,Thr,ACA,33,1.65
F6,T,Thr,ACG,6,0.3
F6,V,Val,GTT,43,1.6226
F6,V,Val,GTC,8,0.3019
F6,V,Val,GTA,47,1.7736
F6,V,Val,GTG,8,0.3019
F6,W,Trp,TGA,63,1.68
F6,W,Trp,TGG,12,0.32
F6,Y,Tyr,TAT,248,1.7971
F6,Y,Tyr,TAC,28,0.2029
ALL,A,Ala,GCT,71,1.906
ALL,A,Ala,GCC,8,0.2148
ALL,A,Ala,GCA,59,1.5839
ALL,A,Ala,GCG,11,0.2953
ALL,C,Cys,TGT,163,1.545
ALL,C,Cys,TGC,48,0.455
ALL,D,Asp,GAT,317,1.6862
ALL,D,Asp,GAC,59,0.3138
ALL,E,Glu,GAA,357,1.75
ALL,E,Glu,GAG,51,0.25
ALL,F,Phe,TTT,1302,1.712
ALL,F,Phe,TTC,219,0.288
ALL,G,Gly,GGT,80,1.2598
ALL,G,Gly,GGC,5,0.0787
ALL,G,Gly,GGA,143,2.252
ALL,G,Gly,GGG,26,0.4094
ALL,H,His,CAT,239,1.7704
ALL,H,His,CAC,31,0.2296
ALL,I,Ile,ATT,1711,1.7963
ALL,I,Ile,ATC,194,0.2037
ALL,K,Lys,AAA,1365,1.7366
ALL,K,Lys,AAG,207,0.2634
ALL,L,Leu,TTA,1563,4.0527
ALL,L,Leu,TTG,272,0.7053
ALL,L,Leu,CTT,173,0.4486
ALL,L,Leu,CTC,52,0.1348
ALL,L,Leu,CTA,205,0.5315
ALL,L,Leu,CTG,49,0.1271
ALL,M,Met,ATA,1564,1.6863
ALL,M,Met,ATG,291,0.3137
ALL,N,Asn,AAT,1683,1.8566
ALL,N,Asn,AAC,130,0.1434
ALL,P,Pro,CCT,77,1.6559
ALL,P,Pro,CCC,11,0.2366
ALL,P,Pro,CCA,87,1.871
ALL,P,Pro,CCG,11,0.2366
ALL,Q,Gln,CAA,220,1.5225
ALL,Q,Gln,CAG,69,0.4775
ALL,R,Arg,CGT,30,1.1215
ALL,R,Arg,CGC,0,0.0
ALL,R,Arg,CGA,69,2.5794
ALL,R,Arg,CGG,8,0.2991
ALL,S,Ser,TCT,140,1.0576
ALL,S,Ser,TCC,79,0.5968
ALL,S,Ser,TCA,333,2.5156
ALL,S,Ser,TCG,29,0.2191
ALL,S,Ser,AGT,143,1.0803
ALL,S,Ser,AGC,46,0.3475
ALL,S,Ser,AGA,213,1.6091
ALL,S,Ser,AGG,76,0.5741
ALL,T,Thr,ACT,156,1.6421
ALL,T,Thr,ACC,42,0.4421
ALL,T,Thr,ACA,146,1.5368
ALL,T,Thr,ACG,36,0.3789
ALL,V,Val,GTT,195,1.5415
ALL,V,Val,GTC,36,0.2846
ALL,V,Val,GTA,239,1.8893
ALL,V,Val,GTG,36,0.2846
ALL,W,Trp,TGA,315,1.6449
ALL,W,Trp,TGG,68,0.3551
ALL,Y,Tyr,TAT,1299,1.8244
ALL,Y,Tyr,TAC,125,0.1756
