Locus,Start,End,Length,Strand,Intergenic Spacer,Start Codon,Stop Codon,Anticodon
trnI,1,64,64,+,1,,,GAU
trnQ,66,130,65,-,0,,,UUG
trnM,131,196,66,+,0,,,CAU
nad2,197,1180,984,+,1,ATT,TAA,
trnW,1182,1247,66,+,0,,,UCA
trnC,1248,1311,64,-,0,,,GCA
trnY,1312,1376,65,-,1,,,GUA
cox1,1378,2913,1536,+,0,GTG,TAA,
trnL2,2914,2979,66,+,0,,,UAA
cox2,2980,3663,684,+,1,ATA,TAA,
trnK,3665,3731,67,+,0,,,UUU
trnD,3732,3797,66,+,0,,,GUC
atp8,3798,3956,159,+,1,ATA,TAA,
atp6,3958,4638,681,+,0,ATC,TAA,
cox3,4639,5418,780,+,0,ATT,TAA,
trnG,5419,5484,66,+,1,,,UCC
nad3,5486,5839,354,+,0,ATA,TAA,
trnA,5840,5904,65,+,0,,,UGC
trnR,5905,5969,65,+,1,,,UCG
trnN,5971,6035,65,+,0,,,GUU
trnS1,6036,6100,65,+,0,,,GCU
trnE,6101,6165,65,+,1,,,UUC
trnF,6167,6231,65,-,0,,,GAA
nad5,6232,7947,1716,-,0,ATT,TAA,
trnH,7948,8012,65,-,1,,,GUG
nad4,8014,9351,1338,-,0,ATT,TAA,
nad4l,9352,9645,294,-,0,ATT,TAA,
trnT,9646,9710,65,+,1,,,UGU
trnP,9712,9776,65,-,0,,,UGG
nad6,9777,10286,510,+,0,ATT,TAA,
cob,10287,11423,1137,+,1,ATT,TAA,
trnS2,11425,11489,65,+,0,,,UGA
nad1,11490,12419,930,-,0,ATT,TAA,
trnL1,12420,12485,66,-,1,,,UAG
rrnL,12487,13806,1320,-,0,,,
trnV,13807,13872,66,-,0,,,UAC
rrnS,13873,14652,780,-,981,,,
