Sample,Locus,Length,T,C,A,G,AT,GC,GC Skew,AT Skew
F1,nad2,984,41.4634,3.6585,45.4268,9.4512,86.8902,13.1098,0.4419,0.0456
F1,cox1,1536,40.8854,6.0547,42.3828,10.6771,83.2682,16.7318,0.2763,0.018
F1,cox2,684,43.2749,5.848,41.6667,9.2105,84.9415,15.0585,0.2233,-0.0189
F1,atp8,159,31.4465,4.4025,51.5723,12.5786,83.0189,16.9811,0.4815,0.2424
F1,atp6,681,39.207,8.37,43.4655,8.9574,82.6725,17.3275,0.0339,0.0515
F1,cox3,780,47.8205,2.5641,41.9231,7.6923,89.7436,10.2564,0.5,-0.0657
F1,nad3,354,46.0452,3.3898,40.113,10.452,86.1582,13.8418,0.5102,-0.0689
F1,nad5,1716,38.8112,9.324,45.8042,6.0606,84.6154,15.3846,-0.2121,0.0826
F1,nad4,1338,48.1315,5.6801,42.9746,3.2138,91.1061,8.8939,-0.2773,-0.0566
F1,nad4l,294,45.2381,9.5238,37.415,7.8231,82.6531,17.3469,-0.098,-0.0947
F1,nad6,510,36.4706,6.2745,47.8431,9.4118,84.3137,15.6863,0.2,0.1349
F1,cob,1137,39.4019,7.5638,42.7441,10.2902,82.146,17.854,0.1527,0.0407
F1,nad1,930,44.1935,10.3226,36.8817,8.6022,81.0753,18.9247,-0.0909,-0.0902
F1,rrnL,1320,42.6515,10.0758,37.1212,10.1515,79.7727,20.2273,0.0037,-0.0693
F1,rrnS,780,48.3333,5.641,40.8974,5.1282,89.2308,10.7692,-0.0476,-0.0833
F2,nad2,984,41.565,3.5569,45.4268,9.4512,86.9919,13.0081,0.4531,0.0444
F2,cox1,1536,40.7552,6.1849,42.3828,10.6771,83.138,16.862,0.2664,0.0196
F2,cox2,684,43.2749,5.848,41.6667,9.2105,84.9415,15.0585,0.2233,-0.0189
F2,atp8,159,31.4465,4.4025,51.5723,12.5786,83.0189,16.9811,0.4815,0.2424
F2,atp6,681,39.3539,8.37,43.7592,8.5169,83.1131,16.8869,0.0087,0.053
F2,cox3,780,47.5641,2.4359,42.0513,7.9487,89.6154,10.3846,0.5309,-0.0615
F2,nad3,354,46.0452,2.8249,40.9605,10.1695,87.0056,12.9944,0.5652,-0.0584
F2,nad5,1716,38.6946,9.324,45.8625,6.1189,84.5571,15.4429,-0.2075,0.0848
F2,nad4,1338,48.3558,5.6801,42.7504,3.2138,91.1061,8.8939,-0.2773,-0.0615
F2,nad4l,294,45.5782,9.5238,37.0748,7.8231,82.6531,17.3469,-0.098,-0.1029
F2,nad6,510,36.2745,6.0784,48.8235,8.8235,85.098,14.902,0.1842,0.1475
F2,cob,1137,39.4899,7.5638,42.4802,10.4661,81.9701,18.0299,0.161,0.0365
F2,nad1,930,43.871,10.5376,37.2043,8.3871,81.0753,18.9247,-0.1136,-0.0822
F2,rrnL,1320,42.6515,10.0758,36.8182,10.4545,79.4697,20.5303,0.0185,-0.0734
F2,rrnS,780,48.8462,5.7692,40.2564,5.1282,89.1026,10.8974,-0.0588,-0.0964
F4,nad2,984,41.4634,3.6585,45.5285,9.3496,86.9919,13.0081,0.4375,0.0467
F4,cox1,1536,40.8854,6.0547,42.3828,10.6771,83.2682,16.7318,0.2763,0.018
F4,cox2,684,43.2749,5.848,41.6667,9.2105,84.9415,15.0585,0.2233,-0.0189
F4,atp8,159,30.8176,5.0314,51.5723,12.5786,82.3899,17.6101,0.4286,0.2519
F4,atp6,681,39.3539,8.37,43.1718,9.1043,82.5257,17.4743,0.042,0.0463
F4,cox3,780,47.8205,2.4359,41.7949,7.9487,89.6154,10.3846,0.5309,-0.0672
F4,nad3,354,46.6102,3.1073,40.3955,9.887,87.0056,12.9944,0.5217,-0.0714
F4,nad5,1716,38.6946,9.3823,45.8625,6.0606,84.5571,15.4429,-0.2151,0.0848
F4,nad4,1338,48.2063,5.6801,43.0493,3.0643,91.2556,8.7444,-0.2991,-0.0565
F4,nad4l,294,45.2381,8.8435,37.7551,8.1633,82.9932,17.0068,-0.04,-0.0902
F4,nad6,510,36.2745,6.2745,47.8431,9.6078,84.1176,15.8824,0.2099,0.1375
F4,cob,1137,39.4019,7.5638,42.6561,10.3782,82.058,17.942,0.1569,0.0397
F4,nad1,930,44.1935,10.3226,36.9892,8.4946,81.1828,18.8172,-0.0971,-0.0887
F4,rrnL,1320,42.7273,10.0,37.197,10.0758,79.9242,20.0758,0.0038,-0.0692
F4,rrnS,780,48.2051,5.7692,40.8974,5.1282,89.1026,10.8974,-0.0588,-0.082
F5,nad2,984,41.4634,3.6585,45.4268,9.4512,86.8902,13.1098,0.4419,0.0456
F5,cox1,1536,40.9505,5.9896,42.4479,10.612,83.3984,16.6016,0.2784,0.018
F5,cox2,684,43.2749,5.848,42.1053,8.7719,85.3801,14.6199,0.2,-0.0137
F5,atp8,159,31.4465,4.4025,51.5723,12.5786,83.0189,16.9811,0.4815,0.2424
F5,atp6,681,39.207,8.37,43.6123,8.8106,82.8194,17.1806,0.0256,0.0532
F5,cox3,780,47.5641,2.5641,42.1795,7.6923,89.7436,10.2564,0.5,-0.06
F5,nad3,354,46.3277,3.1073,40.678,9.887,87.0056,12.9944,0.5217,-0.0649
F5,nad5,1716,38.8695,9.2075,45.8625,6.0606,84.7319,15.2681,-0.2061,0.0825
F5,nad4,1338,48.281,5.7549,42.6756,3.2885,90.9567,9.0433,-0.2727,-0.0616
F5,nad4l,294,44.2177,9.8639,38.0952,7.8231,82.3129,17.6871,-0.1154,-0.0744
F5,nad6,510,36.2745,6.4706,47.8431,9.4118,84.1176,15.8824,0.1852,0.1375
F5,cob,1137,39.314,7.7397,42.7441,10.2023,82.058,17.942,0.1373,0.0418
F5,nad1,930,44.086,10.3226,36.9892,8.6022,81.0753,18.9247,-0.0909,-0.0875
F5,rrnL,1320,42.7273,10.1515,36.9697,10.1515,79.697,20.303,0.0,-0.0722
F5,rrnS,780,48.2051,5.8974,40.641,5.2564,88.8462,11.1538,-0.0575,-0.0851
F6,nad2,984,41.4634,3.6585,45.4268,9.4512,86.8902,13.1098,0.4419,0.0456
F6,cox1,1536,40.8203,6.1198,42.513,10.5469,83.3333,16.6667,0.2656,0.0203
F6,cox2,684,43.7135,5.7018,41.6667,8.9181,85.3801,14.6199,0.22,-0.024
F6,atp8,159,32.0755,4.4025,50.9434,12.5786,83.0189,16.9811,0.4815,0.2273
F6,atp6,681,39.3539,8.2232,43.7592,8.6637,83.1131,16.8869,0.0261,0.053
F6,cox3,780,47.6923,2.5641,42.1795,7.5641,89.8718,10.1282,0.4937,-0.0613
F6,nad3,354,46.6102,3.1073,40.3955,9.887,87.0056,12.9944,0.5217,-0.0714
F6,nad5,1716,38.6364,9.3823,45.979,6.0023,84.6154,15.3846,-0.2197,0.0868
F6,nad4,1338,48.2063,5.6801,43.1241,2.9895,91.3303,8.6697,-0.3103,-0.0556
F6,nad4l,294,45.5782,8.5034,37.0748,8.8435,82.6531,17.3469,0.0196,-0.1029
F6,nad6,510,35.4902,6.4706,47.8431,10.1961,83.3333,16.6667,0.2235,0.1482
F6,cob,1137,39.4019,7.7397,42.5682,10.2902,81.9701,18.0299,0.1415,0.0386
F6,nad1,930,44.1935,10.3226,36.9892,8.4946,81.1828,18.8172,-0.0971,-0.0887
F6,rrnL,1320,42.6515,10.1515,37.0455,10.1515,79.697,20.303,0.0,-0.0703
F6,rrnS,780,48.2051,5.7692,40.7692,5.2564,88.9744,11.0256,-0.0465,-0.0836
